label,original_category_id,precision,recall,f1,support,predicted_count
0,6,1.0,1.0,1.0,10,10
1,9,1.0,0.8,0.888888888888889,10,8
2,27,0.7692307692307693,1.0,0.8695652173913044,10,13
3,35,1.0,1.0,1.0,10,10
4,53,0.8333333333333334,1.0,0.9090909090909091,10,12
5,58,1.0,0.7,0.8235294117647058,10,7
6,106,0.8333333333333334,1.0,0.9090909090909091,10,12
7,117,0.7692307692307693,1.0,0.8695652173913044,10,13
8,128,0.875,0.7,0.7777777777777777,10,8
9,152,0.9090909090909091,1.0,0.9523809523809523,10,11
10,158,0.8333333333333334,1.0,0.9090909090909091,10,12
11,188,0.8181818181818182,0.9,0.8571428571428572,10,11
12,241,0.9090909090909091,1.0,0.9523809523809523,10,11
13,319,0.9090909090909091,1.0,0.9523809523809523,10,11
14,344,1.0,0.9,0.9473684210526316,10,9
15,387,1.0,1.0,1.0,10,10
16,400,1.0,0.9,0.9473684210526316,10,9
17,406,1.0,0.9,0.9473684210526316,10,9
18,409,1.0,1.0,1.0,10,10
19,434,1.0,1.0,1.0,10,10
20,452,1.0,0.9,0.9473684210526316,10,9
21,488,0.9090909090909091,1.0,0.9523809523809523,10,11
22,514,0.7777777777777778,0.7,0.7368421052631577,10,9
23,520,0.7142857142857143,1.0,0.8333333333333333,10,14
24,525,1.0,1.0,1.0,10,10
25,590,1.0,0.9,0.9473684210526316,10,9
26,626,1.0,0.9,0.9473684210526316,10,9
27,634,1.0,0.9,0.9473684210526316,10,9
28,651,0.8,0.8,0.8000000000000002,10,10
29,653,1.0,0.9,0.9473684210526316,10,9
30,685,1.0,1.0,1.0,10,10
31,711,0.8888888888888888,0.8,0.8421052631578948,10,9
32,722,0.75,0.9,0.8181818181818182,10,12
33,727,0.9,0.9,0.9,10,10
34,750,1.0,1.0,1.0,10,10
35,757,0.9,0.9,0.9,10,10
36,771,1.0,0.9,0.9473684210526316,10,9
37,821,1.0,0.9,0.9473684210526316,10,9
38,828,0.875,0.7,0.7777777777777777,10,8
39,832,0.8888888888888888,0.8,0.8421052631578948,10,9
40,887,1.0,1.0,1.0,10,10
41,916,1.0,1.0,1.0,10,10
42,931,0.9090909090909091,1.0,0.9523809523809523,10,11
43,936,1.0,0.9,0.9473684210526316,10,9
44,949,0.9090909090909091,1.0,0.9523809523809523,10,11
45,958,1.0,1.0,1.0,10,10
46,960,0.9,0.9,0.9,10,10
47,964,1.0,0.8,0.888888888888889,10,8
48,993,0.9,0.9,0.9,10,10
49,998,0.7272727272727273,0.8,0.761904761904762,10,11
50,1040,0.9,0.9,0.9,10,10
51,1049,1.0,1.0,1.0,10,10
52,1084,1.0,0.8,0.888888888888889,10,8
53,1104,1.0,0.9,0.9473684210526316,10,9
54,1113,0.8,0.8,0.8000000000000002,10,10
55,1122,0.9,0.9,0.9,10,10
56,1127,1.0,1.0,1.0,10,10
57,1133,0.9090909090909091,1.0,0.9523809523809523,10,11
58,1137,1.0,1.0,1.0,10,10
59,1139,1.0,0.9,0.9473684210526316,10,9
60,1146,1.0,1.0,1.0,10,10
61,1160,0.9090909090909091,1.0,0.9523809523809523,10,11
62,1163,1.0,1.0,1.0,10,10
63,1169,0.9090909090909091,1.0,0.9523809523809523,10,11
64,1188,1.0,0.7,0.8235294117647058,10,7
65,1193,1.0,0.9,0.9473684210526316,10,9
66,1200,0.8333333333333334,1.0,0.9090909090909091,10,12
67,1232,0.875,0.7,0.7777777777777777,10,8
68,1235,1.0,1.0,1.0,10,10
69,1290,0.7777777777777778,0.7,0.7368421052631577,10,9
70,1291,1.0,1.0,1.0,10,10
71,1307,0.6428571428571429,0.9,0.75,10,14
72,1312,1.0,0.9,0.9473684210526316,10,9
73,1343,0.9090909090909091,1.0,0.9523809523809523,10,11
74,1389,0.9,0.9,0.9,10,10
75,1403,0.9,0.9,0.9,10,10
76,1424,1.0,0.8,0.888888888888889,10,8
77,1489,0.9090909090909091,1.0,0.9523809523809523,10,11
78,1512,1.0,0.9,0.9473684210526316,10,9
79,1519,0.8181818181818182,0.9,0.8571428571428572,10,11
80,1528,1.0,0.9,0.9473684210526316,10,9
81,1530,1.0,1.0,1.0,10,10
82,1535,1.0,1.0,1.0,10,10
83,1545,1.0,1.0,1.0,10,10
84,1584,0.8571428571428571,0.6,0.7058823529411764,10,7
85,1588,0.9090909090909091,1.0,0.9523809523809523,10,11
86,1604,0.9090909090909091,1.0,0.9523809523809523,10,11
87,1612,0.8333333333333334,1.0,0.9090909090909091,10,12
88,1638,0.8333333333333334,1.0,0.9090909090909091,10,12
89,1654,1.0,1.0,1.0,10,10
90,1674,1.0,0.7,0.8235294117647058,10,7
91,1679,1.0,1.0,1.0,10,10
92,1684,1.0,0.9,0.9473684210526316,10,9
93,1697,1.0,1.0,1.0,10,10
94,1743,0.625,1.0,0.7692307692307693,10,16
95,1753,1.0,1.0,1.0,10,10
96,1771,1.0,0.9,0.9473684210526316,10,9
97,1776,1.0,0.9,0.9473684210526316,10,9
98,1790,1.0,1.0,1.0,10,10
99,1796,0.8181818181818182,0.9,0.8571428571428572,10,11
100,1824,1.0,1.0,1.0,10,10
101,1827,1.0,1.0,1.0,10,10
102,1832,1.0,0.9,0.9473684210526316,10,9
103,1876,1.0,0.8,0.888888888888889,10,8
104,1889,1.0,0.9,0.9473684210526316,10,9
105,1891,1.0,1.0,1.0,10,10
106,1894,1.0,0.7,0.8235294117647058,10,7
107,1964,0.9090909090909091,1.0,0.9523809523809523,10,11
108,1982,1.0,1.0,1.0,10,10
109,2041,0.8181818181818182,0.9,0.8571428571428572,10,11
110,2045,1.0,0.8,0.888888888888889,10,8
111,2060,0.9,0.9,0.9,10,10
112,2085,1.0,1.0,1.0,10,10
113,2088,1.0,1.0,1.0,10,10
114,2103,1.0,1.0,1.0,10,10
115,2143,1.0,0.9,0.9473684210526316,10,9
116,2144,1.0,1.0,1.0,10,10
117,2167,1.0,1.0,1.0,10,10
118,2170,1.0,0.9,0.9473684210526316,10,9
119,2200,1.0,0.7,0.8235294117647058,10,7
120,2266,1.0,1.0,1.0,10,10
121,2286,0.6363636363636364,0.7,0.6666666666666666,10,11
122,2287,0.6666666666666666,0.6,0.631578947368421,10,9
123,2296,0.9,0.9,0.9,10,10
124,2340,1.0,1.0,1.0,10,10
125,2414,0.9,0.9,0.9,10,10
126,2426,1.0,0.9,0.9473684210526316,10,9
127,2442,1.0,0.7,0.8235294117647058,10,7
128,2504,0.8333333333333334,0.5,0.625,10,6
129,2532,0.8888888888888888,0.8,0.8421052631578948,10,9
130,2536,0.7272727272727273,0.8,0.761904761904762,10,11
131,2546,0.6428571428571429,0.9,0.75,10,14
132,2547,1.0,1.0,1.0,10,10
133,2579,0.8,0.8,0.8000000000000002,10,10
134,2584,1.0,1.0,1.0,10,10
135,2591,0.7692307692307693,1.0,0.8695652173913044,10,13
136,2608,0.9090909090909091,1.0,0.9523809523809523,10,11
137,2615,0.7692307692307693,1.0,0.8695652173913044,10,13
138,2621,1.0,0.8,0.888888888888889,10,8
139,2646,0.75,0.6,0.6666666666666665,10,8
140,2647,0.8,0.8,0.8000000000000002,10,10
141,2662,0.8333333333333334,1.0,0.9090909090909091,10,12
142,2664,1.0,0.9,0.9473684210526316,10,9
143,2677,0.8571428571428571,0.6,0.7058823529411764,10,7
144,2697,1.0,1.0,1.0,10,10
145,2705,0.9090909090909091,1.0,0.9523809523809523,10,11
146,2724,1.0,1.0,1.0,10,10
147,2780,1.0,0.9,0.9473684210526316,10,9
148,2803,1.0,1.0,1.0,10,10
149,2851,1.0,0.9,0.9473684210526316,10,9
150,2900,0.8333333333333334,1.0,0.9090909090909091,10,12
151,2925,0.9090909090909091,1.0,0.9523809523809523,10,11
152,2927,1.0,0.9,0.9473684210526316,10,9
153,2938,0.9090909090909091,1.0,0.9523809523809523,10,11
154,3006,0.9,0.9,0.9,10,10
155,3044,0.8,0.8,0.8000000000000002,10,10
156,3111,0.6,0.6,0.6,10,10
157,3114,0.4,0.2,0.26666666666666666,10,5
158,3116,0.8571428571428571,0.6,0.7058823529411764,10,7
159,3119,0.6666666666666666,0.8,0.7272727272727272,10,12
160,3139,0.5833333333333334,0.7,0.6363636363636365,10,12
161,3143,0.5833333333333334,0.7,0.6363636363636365,10,12
162,3150,1.0,0.9,0.9473684210526316,10,9
163,3164,0.8333333333333334,1.0,0.9090909090909091,10,12
164,3228,0.75,0.9,0.8181818181818182,10,12
165,3257,0.5454545454545454,0.6,0.5714285714285713,10,11
166,3258,0.6666666666666666,0.6,0.631578947368421,10,9
167,3262,1.0,0.8,0.888888888888889,10,8
168,3269,0.8888888888888888,0.8,0.8421052631578948,10,9
169,3295,0.7272727272727273,0.8,0.761904761904762,10,11
170,3335,0.8333333333333334,1.0,0.9090909090909091,10,12
171,3346,0.8181818181818182,0.9,0.8571428571428572,10,11
172,3432,0.8181818181818182,0.9,0.8571428571428572,10,11
173,3441,1.0,0.9,0.9473684210526316,10,9
174,3443,0.8888888888888888,0.8,0.8421052631578948,10,9
175,3450,0.875,0.7,0.7777777777777777,10,8
176,3456,0.7692307692307693,1.0,0.8695652173913044,10,13
177,3470,0.875,0.7,0.7777777777777777,10,8
178,3483,0.7142857142857143,0.5,0.588235294117647,10,7
179,3492,0.875,0.7,0.7777777777777777,10,8
180,3501,0.6,0.6,0.6,10,10
181,3502,0.8888888888888888,0.8,0.8421052631578948,10,9
182,3510,0.6363636363636364,0.7,0.6666666666666666,10,11
183,3527,0.9090909090909091,1.0,0.9523809523809523,10,11
184,3566,1.0,0.8,0.888888888888889,10,8
185,3582,0.8181818181818182,0.9,0.8571428571428572,10,11
186,3593,0.75,0.9,0.8181818181818182,10,12
187,3598,0.6363636363636364,0.7,0.6666666666666666,10,11
188,3608,1.0,0.8,0.888888888888889,10,8
189,3611,1.0,1.0,1.0,10,10
190,3644,0.8,0.8,0.8000000000000002,10,10
191,3652,0.9,0.9,0.9,10,10
192,3657,1.0,0.8,0.888888888888889,10,8
193,3680,1.0,0.7,0.8235294117647058,10,7
194,3681,0.9,0.9,0.9,10,10
195,3728,0.8,0.8,0.8000000000000002,10,10
196,3733,0.9090909090909091,1.0,0.9523809523809523,10,11
197,3750,0.7,0.7,0.7,10,10
198,3752,0.7777777777777778,0.7,0.7368421052631577,10,9
199,3770,0.8888888888888888,0.8,0.8421052631578948,10,9
200,3811,0.8888888888888888,0.8,0.8421052631578948,10,9
201,3814,1.0,0.9,0.9473684210526316,10,9
202,3848,0.7,0.7,0.7,10,10
203,3853,0.7272727272727273,0.8,0.761904761904762,10,11
204,3872,0.6666666666666666,0.8,0.7272727272727272,10,12
205,3878,0.7692307692307693,1.0,0.8695652173913044,10,13
206,3899,1.0,0.7,0.8235294117647058,10,7
207,3910,0.75,0.9,0.8181818181818182,10,12
208,3923,0.9,0.9,0.9,10,10
209,3946,0.8888888888888888,0.8,0.8421052631578948,10,9
210,3981,0.7142857142857143,1.0,0.8333333333333333,10,14
211,4002,0.8333333333333334,1.0,0.9090909090909091,10,12
212,4010,0.875,0.7,0.7777777777777777,10,8
213,4011,1.0,0.8,0.888888888888889,10,8
214,4012,0.7,0.7,0.7,10,10
215,4033,0.6666666666666666,0.8,0.7272727272727272,10,12
216,4040,0.8,0.8,0.8000000000000002,10,10
217,4061,1.0,0.5,0.6666666666666666,10,5
218,4065,0.9,0.9,0.9,10,10
219,4073,0.875,0.7,0.7777777777777777,10,8
220,4088,0.6428571428571429,0.9,0.75,10,14
221,4092,1.0,0.8,0.888888888888889,10,8
222,4114,0.8181818181818182,0.9,0.8571428571428572,10,11
223,4119,1.0,1.0,1.0,10,10
224,4173,0.75,0.6,0.6666666666666665,10,8
225,4272,0.625,1.0,0.7692307692307693,10,16
226,4279,1.0,0.9,0.9473684210526316,10,9
227,4291,0.5333333333333333,0.8,0.64,10,15
228,4304,1.0,0.5,0.6666666666666666,10,5
229,4315,0.8181818181818182,0.9,0.8571428571428572,10,11
230,4325,1.0,0.8,0.888888888888889,10,8
231,4333,0.7777777777777778,0.7,0.7368421052631577,10,9
232,4339,0.7272727272727273,0.8,0.761904761904762,10,11
233,4342,0.75,0.6,0.6666666666666665,10,8
234,4345,0.9,0.9,0.9,10,10
235,4349,0.9,0.9,0.9,10,10
236,4351,1.0,1.0,1.0,10,10
237,4371,0.8181818181818182,0.9,0.8571428571428572,10,11
238,4374,0.8333333333333334,1.0,0.9090909090909091,10,12
239,4386,1.0,1.0,1.0,10,10
240,4422,0.875,0.7,0.7777777777777777,10,8
241,4462,0.75,0.9,0.8181818181818182,10,12
242,4506,1.0,0.7,0.8235294117647058,10,7
243,4533,1.0,1.0,1.0,10,10
244,4552,1.0,0.9,0.9473684210526316,10,9
245,4554,0.75,0.9,0.8181818181818182,10,12
246,4557,0.7,0.7,0.7,10,10
247,4562,0.6666666666666666,0.4,0.5,10,6
248,4563,0.8888888888888888,0.8,0.8421052631578948,10,9
249,4564,0.6153846153846154,0.8,0.6956521739130435,10,13
250,4573,0.9090909090909091,1.0,0.9523809523809523,10,11
251,4616,1.0,1.0,1.0,10,10
252,4649,1.0,0.8,0.888888888888889,10,8
253,4669,0.7777777777777778,0.7,0.7368421052631577,10,9
254,4673,0.8181818181818182,0.9,0.8571428571428572,10,11
255,4700,1.0,1.0,1.0,10,10
256,4741,0.8333333333333334,0.5,0.625,10,6
257,4803,0.7692307692307693,1.0,0.8695652173913044,10,13
258,4808,1.0,0.7,0.8235294117647058,10,7
259,4844,0.6666666666666666,0.8,0.7272727272727272,10,12
260,4861,0.8181818181818182,0.9,0.8571428571428572,10,11
261,4889,0.9090909090909091,1.0,0.9523809523809523,10,11
262,4905,0.8181818181818182,0.9,0.8571428571428572,10,11
263,4915,0.9,0.9,0.9,10,10
264,4920,0.9090909090909091,1.0,0.9523809523809523,10,11
265,4930,0.6,0.6,0.6,10,10
266,4956,0.8181818181818182,0.9,0.8571428571428572,10,11
267,4978,0.8,0.8,0.8000000000000002,10,10
268,5000,0.8181818181818182,0.9,0.8571428571428572,10,11
269,5038,0.8333333333333334,1.0,0.9090909090909091,10,12
270,5050,0.9090909090909091,1.0,0.9523809523809523,10,11
271,5067,0.8181818181818182,0.9,0.8571428571428572,10,11
272,5085,1.0,0.9,0.9473684210526316,10,9
273,5107,0.9,0.9,0.9,10,10
274,5138,1.0,0.8,0.888888888888889,10,8
275,5139,0.8181818181818182,0.9,0.8571428571428572,10,11
276,5143,0.6,0.9,0.7200000000000001,10,15
277,5147,0.75,0.9,0.8181818181818182,10,12
278,5155,1.0,0.7,0.8235294117647058,10,7
279,5168,0.9090909090909091,1.0,0.9523809523809523,10,11
280,5180,0.9,0.9,0.9,10,10
281,5183,0.8333333333333334,1.0,0.9090909090909091,10,12
282,5279,1.0,0.8,0.888888888888889,10,8
283,5310,1.0,1.0,1.0,10,10
284,5313,0.9090909090909091,1.0,0.9523809523809523,10,11
285,5344,1.0,1.0,1.0,10,10
286,5378,0.8181818181818182,0.9,0.8571428571428572,10,11
287,5409,0.8888888888888888,0.8,0.8421052631578948,10,9
288,5413,0.8181818181818182,0.9,0.8571428571428572,10,11
289,5425,0.9,0.9,0.9,10,10
290,5442,1.0,0.8,0.888888888888889,10,8
291,5464,0.9090909090909091,1.0,0.9523809523809523,10,11
292,5491,0.9090909090909091,1.0,0.9523809523809523,10,11
293,5514,1.0,0.7,0.8235294117647058,10,7
294,5539,0.75,0.9,0.8181818181818182,10,12
295,5559,1.0,0.9,0.9473684210526316,10,9
296,5573,0.9,0.9,0.9,10,10
297,5574,1.0,0.9,0.9473684210526316,10,9
298,5617,0.9090909090909091,1.0,0.9523809523809523,10,11
299,5635,0.9090909090909091,1.0,0.9523809523809523,10,11
300,5663,0.8333333333333334,1.0,0.9090909090909091,10,12
301,5718,0.9090909090909091,1.0,0.9523809523809523,10,11
302,5728,0.9090909090909091,1.0,0.9523809523809523,10,11
303,5753,1.0,1.0,1.0,10,10
304,5794,0.9090909090909091,1.0,0.9523809523809523,10,11
305,5804,1.0,0.8,0.888888888888889,10,8
306,5820,0.9,0.9,0.9,10,10
307,5862,1.0,1.0,1.0,10,10
308,5881,0.5714285714285714,0.8,0.6666666666666666,10,14
309,5925,0.7692307692307693,1.0,0.8695652173913044,10,13
310,5930,0.8888888888888888,0.8,0.8421052631578948,10,9
311,5947,0.9090909090909091,1.0,0.9523809523809523,10,11
312,5967,0.9090909090909091,1.0,0.9523809523809523,10,11
313,5974,0.9,0.9,0.9,10,10
314,5977,0.8888888888888888,0.8,0.8421052631578948,10,9
315,6049,0.9090909090909091,1.0,0.9523809523809523,10,11
316,6054,1.0,1.0,1.0,10,10
317,6065,1.0,1.0,1.0,10,10
318,6118,0.7692307692307693,1.0,0.8695652173913044,10,13
319,6126,0.9,0.9,0.9,10,10
320,6201,1.0,1.0,1.0,10,10
321,6209,1.0,0.9,0.9473684210526316,10,9
322,6211,0.4666666666666667,0.7,0.56,10,15
323,6216,0.8181818181818182,0.9,0.8571428571428572,10,11
324,6224,1.0,1.0,1.0,10,10
325,6227,0.9,0.9,0.9,10,10
326,6252,1.0,0.9,0.9473684210526316,10,9
327,6267,0.9,0.9,0.9,10,10
328,6304,0.8333333333333334,1.0,0.9090909090909091,10,12
329,6311,1.0,0.9,0.9473684210526316,10,9
330,6396,0.7692307692307693,1.0,0.8695652173913044,10,13
331,6482,0.8333333333333334,1.0,0.9090909090909091,10,12
332,6484,0.7777777777777778,0.7,0.7368421052631577,10,9
333,6528,0.6,0.9,0.7200000000000001,10,15
334,6537,1.0,0.9,0.9473684210526316,10,9
335,6543,0.5555555555555556,0.5,0.5263157894736842,10,9
336,6548,0.9090909090909091,1.0,0.9523809523809523,10,11
337,6570,0.9,0.9,0.9,10,10
338,6572,0.8,0.8,0.8000000000000002,10,10
339,6592,1.0,0.9,0.9473684210526316,10,9
340,6596,0.8333333333333334,1.0,0.9090909090909091,10,12
341,6615,0.6923076923076923,0.9,0.7826086956521738,10,13
342,6653,0.8333333333333334,1.0,0.9090909090909091,10,12
343,6658,0.9,0.9,0.9,10,10
344,6669,1.0,1.0,1.0,10,10
345,6691,1.0,1.0,1.0,10,10
346,6735,1.0,0.4,0.5714285714285715,10,4
347,6745,0.7142857142857143,1.0,0.8333333333333333,10,14
348,6755,1.0,0.9,0.9473684210526316,10,9
349,6790,0.75,0.9,0.8181818181818182,10,12
350,6868,1.0,1.0,1.0,10,10
351,6873,1.0,0.8,0.888888888888889,10,8
352,6888,1.0,0.9,0.9473684210526316,10,9
353,6912,1.0,0.8,0.888888888888889,10,8
354,6916,0.875,0.7,0.7777777777777777,10,8
355,6924,1.0,0.9,0.9473684210526316,10,9
356,6930,1.0,1.0,1.0,10,10
357,6932,0.8181818181818182,0.9,0.8571428571428572,10,11
358,6939,0.8181818181818182,0.9,0.8571428571428572,10,11
359,7007,1.0,0.9,0.9473684210526316,10,9
360,7019,0.9090909090909091,1.0,0.9523809523809523,10,11
361,7041,0.9,0.9,0.9,10,10
362,7043,1.0,1.0,1.0,10,10
363,7062,0.9090909090909091,1.0,0.9523809523809523,10,11
364,7066,1.0,0.9,0.9473684210526316,10,9
365,7119,0.9,0.9,0.9,10,10
366,7123,1.0,1.0,1.0,10,10
367,7144,0.9090909090909091,1.0,0.9523809523809523,10,11
368,7149,0.7692307692307693,1.0,0.8695652173913044,10,13
369,7177,0.875,0.7,0.7777777777777777,10,8
370,7179,1.0,1.0,1.0,10,10
371,7238,1.0,0.8,0.888888888888889,10,8
372,7239,0.8,0.8,0.8000000000000002,10,10
373,7244,1.0,0.8,0.888888888888889,10,8
374,7260,1.0,0.5,0.6666666666666666,10,5
375,7350,1.0,1.0,1.0,10,10
376,7359,0.9090909090909091,1.0,0.9523809523809523,10,11
377,7397,1.0,0.9,0.9473684210526316,10,9
378,7428,1.0,1.0,1.0,10,10
379,7433,0.9090909090909091,1.0,0.9523809523809523,10,11
380,7454,0.9090909090909091,1.0,0.9523809523809523,10,11
381,7461,0.8,0.8,0.8000000000000002,10,10
382,7491,1.0,1.0,1.0,10,10
383,7508,1.0,0.8,0.888888888888889,10,8
384,7517,1.0,0.9,0.9473684210526316,10,9
385,7527,0.8181818181818182,0.9,0.8571428571428572,10,11
386,7541,0.9090909090909091,1.0,0.9523809523809523,10,11
387,7573,1.0,0.8,0.888888888888889,10,8
388,7579,1.0,0.5,0.6666666666666666,10,5
389,7618,0.7777777777777778,0.7,0.7368421052631577,10,9
390,7651,0.7777777777777778,0.7,0.7368421052631577,10,9
391,7668,1.0,0.9,0.9473684210526316,10,9
392,7711,0.9,0.9,0.9,10,10
393,7744,0.8181818181818182,0.9,0.8571428571428572,10,11
394,7749,0.8888888888888888,0.8,0.8421052631578948,10,9
395,7752,0.9,0.9,0.9,10,10
396,7784,1.0,1.0,1.0,10,10
397,7787,1.0,1.0,1.0,10,10
398,7811,1.0,1.0,1.0,10,10
399,7886,0.8333333333333334,1.0,0.9090909090909091,10,12
400,7953,0.9090909090909091,1.0,0.9523809523809523,10,11
401,7956,1.0,1.0,1.0,10,10
402,7962,1.0,0.9,0.9473684210526316,10,9
403,7973,1.0,0.9,0.9473684210526316,10,9
404,8004,1.0,1.0,1.0,10,10
405,8005,1.0,1.0,1.0,10,10
406,8085,1.0,1.0,1.0,10,10
407,8179,0.8333333333333334,1.0,0.9090909090909091,10,12
408,8201,0.875,0.7,0.7777777777777777,10,8
409,8238,1.0,0.8,0.888888888888889,10,8
410,8279,0.7777777777777778,0.7,0.7368421052631577,10,9
411,8280,1.0,1.0,1.0,10,10
412,8288,1.0,0.9,0.9473684210526316,10,9
413,8308,0.9090909090909091,1.0,0.9523809523809523,10,11
414,8317,1.0,1.0,1.0,10,10
415,8320,1.0,1.0,1.0,10,10
416,8346,0.9090909090909091,1.0,0.9523809523809523,10,11
417,8348,1.0,1.0,1.0,10,10
418,8375,0.9,0.9,0.9,10,10
419,8379,0.9090909090909091,1.0,0.9523809523809523,10,11
420,8423,0.8333333333333334,1.0,0.9090909090909091,10,12
421,8445,1.0,1.0,1.0,10,10
422,8479,0.9,0.9,0.9,10,10
423,8518,0.75,0.9,0.8181818181818182,10,12
424,8565,1.0,1.0,1.0,10,10
425,8645,0.9090909090909091,1.0,0.9523809523809523,10,11
426,8666,1.0,0.9,0.9473684210526316,10,9
427,8669,1.0,1.0,1.0,10,10
428,8689,0.8888888888888888,0.8,0.8421052631578948,10,9
429,8701,0.9,0.9,0.9,10,10
430,8727,0.9090909090909091,1.0,0.9523809523809523,10,11
431,8751,0.9090909090909091,1.0,0.9523809523809523,10,11
432,8785,0.8181818181818182,0.9,0.8571428571428572,10,11
433,8786,1.0,0.9,0.9473684210526316,10,9
434,8797,1.0,0.8,0.888888888888889,10,8
435,8808,0.8333333333333334,1.0,0.9090909090909091,10,12
436,8821,1.0,0.9,0.9473684210526316,10,9
437,8830,0.9,0.9,0.9,10,10
438,8834,0.8,0.8,0.8000000000000002,10,10
439,8835,0.9,0.9,0.9,10,10
440,8837,1.0,1.0,1.0,10,10
441,8856,1.0,0.8,0.888888888888889,10,8
442,8883,0.7777777777777778,0.7,0.7368421052631577,10,9
443,8900,1.0,1.0,1.0,10,10
444,8928,1.0,1.0,1.0,10,10
445,8935,1.0,0.9,0.9473684210526316,10,9
446,8938,0.9,0.9,0.9,10,10
447,8977,1.0,0.9,0.9473684210526316,10,9
448,9007,0.8888888888888888,0.8,0.8421052631578948,10,9
449,9016,0.9,0.9,0.9,10,10
450,9038,1.0,0.9,0.9473684210526316,10,9
451,9044,1.0,0.8,0.888888888888889,10,8
452,9052,1.0,1.0,1.0,10,10
453,9064,0.9090909090909091,1.0,0.9523809523809523,10,11
454,9075,0.9090909090909091,1.0,0.9523809523809523,10,11
455,9083,0.7,0.7,0.7,10,10
456,9086,0.7,0.7,0.7,10,10
457,9105,1.0,1.0,1.0,10,10
458,9125,1.0,0.8,0.888888888888889,10,8
459,9173,1.0,1.0,1.0,10,10
460,9189,1.0,1.0,1.0,10,10
461,9195,0.8333333333333334,1.0,0.9090909090909091,10,12
462,9197,0.7777777777777778,0.7,0.7368421052631577,10,9
463,9224,0.8333333333333334,1.0,0.9090909090909091,10,12
464,9260,1.0,0.9,0.9473684210526316,10,9
465,9292,0.8,0.8,0.8000000000000002,10,10
466,9295,0.75,0.6,0.6666666666666665,10,8
467,9324,1.0,0.6,0.7499999999999999,10,6
468,9333,0.8,0.8,0.8000000000000002,10,10
469,9355,0.8333333333333334,1.0,0.9090909090909091,10,12
470,9440,1.0,0.8,0.888888888888889,10,8
471,9446,1.0,1.0,1.0,10,10
472,9459,0.7777777777777778,0.7,0.7368421052631577,10,9
473,9485,1.0,1.0,1.0,10,10
474,9489,1.0,1.0,1.0,10,10
475,9502,0.9090909090909091,1.0,0.9523809523809523,10,11
476,9512,0.6666666666666666,0.8,0.7272727272727272,10,12
477,9543,1.0,1.0,1.0,10,10
478,9560,0.8888888888888888,0.8,0.8421052631578948,10,9
479,9562,1.0,0.9,0.9473684210526316,10,9
480,9571,0.9,0.9,0.9,10,10
481,9577,0.8888888888888888,0.8,0.8421052631578948,10,9
482,9638,1.0,0.9,0.9473684210526316,10,9
483,9641,0.9090909090909091,1.0,0.9523809523809523,10,11
484,9654,0.8333333333333334,1.0,0.9090909090909091,10,12
485,9674,0.9,0.9,0.9,10,10
486,9740,0.7692307692307693,1.0,0.8695652173913044,10,13
487,9749,0.9,0.9,0.9,10,10
488,9763,0.7692307692307693,1.0,0.8695652173913044,10,13
489,9771,1.0,0.9,0.9473684210526316,10,9
490,9774,0.9,0.9,0.9,10,10
491,9813,1.0,1.0,1.0,10,10
492,9863,0.75,0.9,0.8181818181818182,10,12
493,9891,0.75,0.9,0.8181818181818182,10,12
494,9909,0.7272727272727273,0.8,0.761904761904762,10,11
495,9932,0.625,0.5,0.5555555555555556,10,8
496,9938,0.5833333333333334,0.7,0.6363636363636365,10,12
497,9939,0.75,0.6,0.6666666666666665,10,8
498,9977,0.9090909090909091,1.0,0.9523809523809523,10,11
499,9980,0.8888888888888888,0.8,0.8421052631578948,10,9
